Workbook
Name 關鍵項目ID: '計畫資料'!$B$6:$B$20
Name 預算科目: '計畫資料'!$D$6:$D$20

Sheet 計畫資料
B2: 計畫資料（主表）
B3: 此表定義計畫的關鍵項目與預算科目，供月報表與經費支出連動使用
B5: 關鍵項目 ID | C5: 工作項目名稱 | D5: 預算科目 | E5: 核定金額 | F5: 預定目標值 | G5: 預計完成日
B6: KR-001 | C6: 辦理計畫說明會 | D6: 01-人事費 | E6: 50000 | F6: 1 | G6: 2026/03/31
B7: KR-002 | C7: 耆老訪談紀錄 | D7: 02-業務費 | E7: 80000 | F7: 10 | G7: 2026/06/30
B8: KR-003 | C8: 文化體驗活動 | D8: 02-業務費 | E8: 150000 | F8: 3 | G8: 2026/09/30
B9: KR-004 | C9: 成果發表會 | D9: 02-業務費 | E9: 100000 | F9: 1 | G9: 2026/12/15
B10: KR-005 | C10: 行政雜支 | D10: 03-雜支 | E10: 20000 | F10: 0 | G10: 2026/12/31

Sheet 月報表
B2: 月報表（填報）
B3: 工作事項透過下拉選單連動「計畫資料」的關鍵項目 ID，選擇後自動帶出項目名稱與預定目標值
B5: 填報月份 | C5: 對應項目 ID | D5: 工作項目名稱 | E5: 預定目標值 | F5: 本月達成數 | G5: 達成率(%) | H5: 本月執行內容
B6: 2026年01月 | C6: KR-001 | D6: =IFERROR(VLOOKUP(C6,計畫資料!$B$6:$G$20,2,FALSE),"") | E6: =IFERROR(VLOOKUP(C6,計畫資料!$B$6:$G$20,5,FALSE),"") | F6: 1 | G6: =IFERROR(F6/E6,"") | H6: 完成計畫說明會籌備工作
B7: 2026年01月 | C7: KR-002 | D7: =IFERROR(VLOOKUP(C7,計畫資料!$B$6:$G$20,2,FALSE),"") | E7: =IFERROR(VLOOKUP(C7,計畫資料!$B$6:$G$20,5,FALSE),"") | F7: 3 | G7: =IFERROR(F7/E7,"") | H7: 訪談 3 位部落耆老
B8: 2026年02月 | C8: KR-002 | D8: =IFERROR(VLOOKUP(C8,計畫資料!$B$6:$G$20,2,FALSE),"") | E8: =IFERROR(VLOOKUP(C8,計畫資料!$B$6:$G$20,5,FALSE),"") | F8: 4 | G8: =IFERROR(F8/E8,"") | H8: 訪談 4 位部落耆老
B9: 2026年02月 | C9: KR-003 | D9: =IFERROR(VLOOKUP(C9,計畫資料!$B$6:$G$20,2,FALSE),"") | E9: =IFERROR(VLOOKUP(C9,計畫資料!$B$6:$G$20,5,FALSE),"") | F9: 0 | G9: =IFERROR(F9/E9,"") | H9: 活動場地勘查
B12: 【VLOOKUP 公式說明】
B13: 工作項目名稱公式： | C13: =VLOOKUP(C6,計畫資料!$B$6:$G$20,2,FALSE)
B14: 預定目標值公式： | C14: =VLOOKUP(C6,計畫資料!$B$6:$G$20,5,FALSE)
B15: 達成率公式： | C15: =F6/E6 (本月達成數 ÷ 預定目標值)

Sheet 經費支出
B2: 經費支出（核銷）
B3: 支出項目透過下拉選單連動「計畫資料」的預算科目，選擇後自動帶出核定金額與剩餘餘額
B5: 日期 | C5: 對應科目 | D5: 科目名稱 | E5: 核定金額 | F5: 經費來源 | G5: 本月報支金額 | H5: 累計支出 | I5: 剩餘餘額
B6: 2026/01/15 | C6: 01-人事費 | D6: =IFERROR(VLOOKUP(C6,計畫資料!$D$6:$E$20,1,FALSE)&" - "&VLOOKUP(C6,計畫資料!$D$6:$E$20,2,FALSE),"") | E6: =IFERROR(SUMIF(計畫資料!$D$6:$D$20,C6,計畫資料!$E$6:$E$20),"") | F6: 補助款 | G6: 15000 | H6: =SUMIF($C$6:$C$100,C6,$G$6:$G$100) | I6: =IFERROR(E6-H6,"")
B7: 2026/01/20 | C7: 02-業務費 | D7: =IFERROR(VLOOKUP(C7,計畫資料!$D$6:$E$20,1,FALSE)&" - "&VLOOKUP(C7,計畫資料!$D$6:$E$20,2,FALSE),"") | E7: =IFERROR(SUMIF(計畫資料!$D$6:$D$20,C7,計畫資料!$E$6:$E$20),"") | F7: 補助款 | G7: 25000 | H7: =SUMIF($C$6:$C$100,C7,$G$6:$G$100) | I7: =IFERROR(E7-H7,"")
B8: 2026/02/10 | C8: 02-業務費 | D8: =IFERROR(VLOOKUP(C8,計畫資料!$D$6:$E$20,1,FALSE)&" - "&VLOOKUP(C8,計畫資料!$D$6:$E$20,2,FALSE),"") | E8: =IFERROR(SUMIF(計畫資料!$D$6:$D$20,C8,計畫資料!$E$6:$E$20),"") | F8: 自籌款 | G8: 18000 | H8: =SUMIF($C$6:$C$100,C8,$G$6:$G$100) | I8: =IFERROR(E8-H8,"")
B9: 2026/02/28 | C9: 03-雜支 | D9: =IFERROR(VLOOKUP(C9,計畫資料!$D$6:$E$20,1,FALSE)&" - "&VLOOKUP(C9,計畫資料!$D$6:$E$20,2,FALSE),"") | E9: =IFERROR(SUMIF(計畫資料!$D$6:$D$20,C9,計畫資料!$E$6:$E$20),"") | F9: 補助款 | G9: 5000 | H9: =SUMIF($C$6:$C$100,C9,$G$6:$G$100) | I9: =IFERROR(E9-H9,"")
B12: 【VLOOKUP 公式說明】
B13: 核定金額公式： | C13: =SUMIF(計畫資料!$D$6:$D$20,C6,計畫資料!$E$6:$E$20)
B14: 累計支出公式： | C14: =SUMIF($C$6:$C$100,C6,$G$6:$G$100)
B15: 剩餘餘額公式： | C15: =E6-H6 (核定金額 - 累計支出)
B17: 【重要提醒】
B18: • 「經費來源」欄位區分補助款與自籌款，系統可據此自動產出「經費撥付申請表」
B19: • 人事費支出請注意文化部獎補助資訊網規範的上限（通常為核定金額的 30%）
